{
    "handler": {
        "directories": {
            "emojis": {
                "Developers": "💻",
                "Fun": "😂",
                "Information": "ℹ️",
                "Moderation": "⚒",
                "Utility": "⚙️"
            }
        },
        "commands": {
            "lock-unlock": {
                "roles_to_update": [
                    "996349514749325374",
                    "981187294927142912"
                ]
            }
        }
    }
}